time,open,high,low,close,tick_volume,spread,real_volume,SMA_10,SMA_50,EMA_10,EMA_50,RSI,Signal
2025-02-13 15:00:00,1.03897,1.04069,1.03758,1.03925,3292,3,0,,,1.03925,1.03925,,0
2025-02-13 16:00:00,1.03922,1.04013,1.03816,1.03996,3140,3,0,,,1.039379090909091,1.039277843137255,,0
2025-02-13 17:00:00,1.03994,1.04383,1.03994,1.04332,4286,3,0,,,1.0400956198347109,1.0394363590926567,,0
2025-02-13 18:00:00,1.04333,1.04451,1.04241,1.04276,2654,0,0,,,1.0405800525920361,1.0395666979517684,,0
2025-02-13 19:00:00,1.04272,1.04388,1.0425,1.04254,1900,4,0,,,1.0409364066662112,1.0396832980320911,,0
2025-02-13 20:00:00,1.04253,1.04316,1.03728,1.04093,3646,4,0,,,1.040935241817809,1.0397321883053425,,0
2025-02-13 21:00:00,1.04092,1.04426,1.04085,1.0437,2567,4,0,,,1.0414379251236618,1.0398877887639566,,0
2025-02-13 22:00:00,1.0437,1.04657,1.04355,1.04616,1628,4,0,,,1.0422964841920868,1.0401337578320369,,0
2025-02-13 23:00:00,1.0462,1.04669,1.04572,1.04627,846,4,0,,,1.0430189416117073,1.0403743947798,,0
2025-02-14 00:00:00,1.04589,1.04676,1.04588,1.04658,370,7,0,1.043147,,1.043666406773215,1.040617751847259,,0
2025-02-14 01:00:00,1.04649,1.04673,1.04561,1.04615,886,0,0,1.0438370000000001,,1.044117969178085,1.0408347027552096,,0
2025-02-14 02:00:00,1.04615,1.04668,1.04578,1.04608,1354,4,0,1.044449,,1.0444747020547969,1.0410404006863778,,0
2025-02-14 03:00:00,1.04608,1.04668,1.04582,1.04592,1616,4,0,1.044709,,1.0447374834993792,1.041231757522206,,0
2025-02-14 04:00:00,1.04591,1.0461,1.04551,1.04567,1256,4,0,1.045,,1.0449070319540374,1.0414058062468254,74.6543698528326,0
2025-02-14 05:00:00,1.04566,1.04615,1.04537,1.04588,997,4,0,1.045334,,1.0450839352351213,1.0415812648253815,75.05668139989719,0
2025-02-14 06:00:00,1.04588,1.04638,1.04547,1.04548,897,4,0,1.045789,,1.0451559470105538,1.0417341564008566,71.36222136941855,0
2025-02-14 07:00:00,1.0455,1.04557,1.0447,1.04526,1114,4,0,1.0459450000000001,,1.0451748657359077,1.0418724247772937,59.918191831752054,0
2025-02-14 08:00:00,1.04526,1.04609,1.04517,1.04585,1486,4,0,1.045914,,1.045297617420288,1.0420284081193607,65.74922609083495,0
2025-02-14 09:00:00,1.04584,1.0472,1.04583,1.04647,2310,4,0,1.045934,,1.0455107778893264,1.0422025881931112,69.24582791927949,0
2025-02-14 10:00:00,1.04649,1.04863,1.04635,1.04766,2771,4,0,1.046042,,1.0459015455458125,1.042416604342401,84.37179590188977,0
2025-02-14 11:00:00,1.04766,1.04877,1.04757,1.04811,2215,4,0,1.046238,,1.0463030827193012,1.042639874760346,79.51805738617557,0
2025-02-14 12:00:00,1.04812,1.04828,1.04646,1.0467,1813,4,0,1.0463,,1.04637524949761,1.0427990953579795,54.2055956561006,0
2025-02-14 13:00:00,1.0467,1.04691,1.04629,1.04674,1741,4,0,1.046382,,1.0464415677707717,1.0429536406380588,53.700775562033584,0
2025-02-14 14:00:00,1.04672,1.04744,1.0457,1.04716,1944,4,0,1.046531,,1.0465721918124495,1.0431185959071547,54.48915227789295,0
2025-02-14 15:00:00,1.04716,1.04977,1.04712,1.04881,3109,3,0,1.046824,,1.0469790660283678,1.0433417882245213,67.31769606187973,0
2025-02-14 16:00:00,1.04888,1.0514000000000001,1.04872,1.05086,2926,4,0,1.0473620000000001,,1.0476846903868462,1.0436366200588538,74.741189996102,0
2025-02-14 17:00:00,1.05086,1.05125,1.04909,1.0508,3059,4,0,1.047916,,1.0482511103165104,1.043917536919291,75.52300149244861,0
2025-02-14 18:00:00,1.0507900000000001,1.05099,1.04969,1.04974,2163,4,0,1.0483049999999998,,1.0485218175316904,1.0441458688048089,69.6239057402629,0
2025-02-14 19:00:00,1.04975,1.05087,1.0493999999999999,1.05071,1579,3,0,1.048729,,1.0489196688895648,1.0444032857144243,71.69810418891805,0
2025-02-14 20:00:00,1.05071,1.0507900000000001,1.04995,1.05043,1298,4,0,1.0490059999999999,,1.0491942745460074,1.0446396274511136,72.47955481640504,0
2025-02-14 21:00:00,1.05044,1.05048,1.04948,1.04986,1167,4,0,1.0491810000000001,,1.0493153155376422,1.044844347943227,70.24647021610329,0
2025-02-14 22:00:00,1.04984,1.04984,1.04911,1.04919,1045,4,0,1.0494299999999999,,1.0492925308944345,1.0450147656709436,64.59789419256549,0
2025-02-14 23:00:00,1.04923,1.04947,1.04875,1.04898,677,0,0,1.0496539999999999,,1.0492357070954463,1.045170265056397,61.37805204630319,0
2025-02-17 00:00:00,1.04845,1.04899,1.04839,1.04875,282,4,0,1.0498129999999999,,1.049147396714456,1.045310646818891,55.41210748987587,0
2025-02-17 01:00:00,1.0487,1.04941,1.04843,1.04882,1128,2,0,1.049814,,1.0490878700391004,1.045448268512268,53.66356293818479,0
2025-02-17 02:00:00,1.04882,1.04932,1.04854,1.04921,943,2,0,1.049649,,1.0491100754865366,1.0455957873941397,64.47519143422528,0
2025-02-17 03:00:00,1.04921,1.05063,1.04894,1.05052,1344,4,0,1.049621,,1.0493664253980752,1.0457888937708402,69.0140747867498,0
2025-02-17 04:00:00,1.05051,1.05052,1.0495700000000001,1.05011,1100,3,0,1.0496580000000002,,1.0495016207802434,1.0459583489170818,64.85396870135457,0
2025-02-17 05:00:00,1.05012,1.05035,1.04941,1.04945,1231,4,0,1.0495320000000001,,1.0494922351838354,1.0460952764105298,53.57940995400735,0
2025-02-17 06:00:00,1.04946,1.04972,1.04893,1.04954,900,3,0,1.049443,,1.0495009196958653,1.046230363610117,40.54440447533411,0
2025-02-17 07:00:00,1.04954,1.04981,1.04846,1.04897,1531,4,0,1.049354,,1.0494043888420717,1.0463378003312889,37.78370455311228,0
2025-02-17 08:00:00,1.04897,1.04933,1.0488,1.04915,1367,4,0,1.04935,,1.0493581363253313,1.0464480826712383,45.53705540818881,0
2025-02-17 09:00:00,1.04917,1.04952,1.04803,1.04824,2145,4,0,1.049276,,1.0491548388116345,1.046518353939033,31.145031510984722,0
2025-02-17 10:00:00,1.04826,1.04847,1.04709,1.04742,2344,4,0,1.049143,,1.0488394135731554,1.0465537126080906,28.77291392354219,0
2025-02-17 11:00:00,1.04742,1.04813,1.04712,1.04742,1798,4,0,1.0490030000000001,,1.0485813383780362,1.0465876846626754,31.288336839926643,0
2025-02-17 12:00:00,1.04741,1.04893,1.04731,1.04889,1525,3,0,1.048971,,1.0486374586729388,1.046677971538649,47.950810501211265,0
2025-02-17 13:00:00,1.04889,1.04891,1.04777,1.04818,1421,4,0,1.048737,,1.048554284368768,1.0467368746155645,44.88490245027232,0
2025-02-17 14:00:00,1.04818,1.04849,1.04685,1.0472,1602,4,0,1.0484459999999998,,1.0483080508471738,1.0467550363953462,40.95681944695967,0
2025-02-17 15:00:00,1.04721,1.04763,1.0467,1.04742,1395,4,0,1.0482429999999998,,1.0481465870567785,1.0467811133994502,41.97247032552049,0
2025-02-17 16:00:00,1.04742,1.04792,1.04713,1.04783,1321,4,0,1.0480720000000001,1.047142,1.0480890257737279,1.046822246207315,42.10525641334619,1
2025-02-17 17:00:00,1.04783,1.04841,1.04741,1.04796,1465,4,0,1.047971,1.0473162,1.048065566542141,1.0468668640031065,33.0687769449367,1
2025-02-17 18:00:00,1.04796,1.0483,1.04767,1.04786,1137,4,0,1.047842,1.0474742,1.0480281908072062,1.0469058105127886,34.482751961951664,1
2025-02-17 19:00:00,1.04786,1.04844,1.04779,1.04825,742,0,0,1.0478429999999999,1.0475728000000002,1.0480685197513504,1.0469585238260126,41.40400315678981,1
2025-02-17 20:00:00,1.04825,1.04826,1.04789,1.04821,469,0,0,1.047922,1.0476818,1.048094243432923,1.0470076013230316,40.40403224161101,1
2025-02-17 21:00:00,1.04821,1.04837,1.04795,1.04816,489,2,0,1.047996,1.0477942,1.0481061991723915,1.047052793428011,43.681737729418074,1
2025-02-17 22:00:00,1.04814,1.04836,1.048,1.04834,431,0,0,1.047941,1.0479424,1.0481487084137746,1.0471032721171085,43.681737729418074,-1
2025-02-17 23:00:00,1.04836,1.04851,1.04817,1.04828,413,0,0,1.0479509999999999,1.0480340000000001,1.04817257961127,1.0471494183085945,50.35969954971628,-1
2025-02-18 00:00:00,1.04762,1.04839,1.04739,1.04797,405,15,0,1.048028,1.0480702000000002,1.0481357469546753,1.0471815979827674,55.445529183417904,-1
2025-02-18 01:00:00,1.04788,1.04856,1.04768,1.04848,520,2,0,1.0481340000000001,1.0481144,1.0481983384174616,1.0472325157089333,59.53235911055721,1
2025-02-18 02:00:00,1.04848,1.04863,1.04727,1.0475,1119,4,0,1.0481010000000002,1.0481328,1.0480713677961049,1.0472430052889752,36.29190319355763,-1
2025-02-18 03:00:00,1.0475,1.04754,1.04626,1.04661,1574,4,0,1.047966,1.048142,1.0478056645604494,1.0472181815521528,35.047609701591156,-1
2025-02-18 04:00:00,1.04661,1.04706,1.04654,1.04675,1271,4,0,1.047855,1.0481554,1.0476137255494584,1.0471998214912843,44.89794493035947,-1
2025-02-18 05:00:00,1.04675,1.04723,1.04619,1.04629,1483,3,0,1.047659,1.0481628,1.0473730481768295,1.0471641422171163,37.84945097005707,-1
2025-02-18 06:00:00,1.04626,1.04639,1.04554,1.0457,1150,4,0,1.0474080000000001,1.0481634,1.0470688575992242,1.0471067248752686,27.95030245746912,-1
2025-02-18 07:00:00,1.04571,1.0459,1.04522,1.0455,1334,4,0,1.047142,1.0481558000000002,1.0467836107630015,1.0470437160566306,24.897952069973343,-1
2025-02-18 08:00:00,1.04547,1.04632,1.04546,1.04613,1280,3,0,1.046921,1.0481688,1.0466647724424556,1.04700788405441,34.06997279963808,-1
2025-02-18 09:00:00,1.04605,1.0469,1.04586,1.04634,1852,4,0,1.0467270000000002,1.0481904,1.0466057229074637,1.0469816925228643,31.809515326987693,-1
2025-02-18 10:00:00,1.04633,1.04688,1.04546,1.04567,2127,4,0,1.046497,1.0481868,1.046435591469743,1.046930253600399,28.401353781991105,-1
2025-02-18 11:00:00,1.04567,1.0465,1.04554,1.04639,1771,4,0,1.046288,1.0481851999999998,1.046427302111608,1.0469090671846972,36.48854181924225,-1
2025-02-18 12:00:00,1.04648,1.04671,1.04589,1.04621,1687,4,0,1.046159,1.0481562000000002,1.0463877926367702,1.0468816527852973,33.74045080356707,-1
2025-02-18 13:00:00,1.04627,1.04648,1.04612,1.04626,1216,4,0,1.046124,1.0481192,1.046364557611903,1.0468572742446975,34.55656752611495,-1
2025-02-18 14:00:00,1.04627,1.04669,1.04528,1.04552,1698,3,0,1.046001,1.0480956000000001,1.046211001682466,1.0468048321174546,32.424670675100245,-1
2025-02-18 15:00:00,1.04552,1.04567,1.0441799999999999,1.04447,2149,4,0,1.045819,1.0480502,1.0458944559220176,1.046713270073633,23.30225930450321,-1
2025-02-18 16:00:00,1.04446,1.04546,1.04414,1.04522,2233,3,0,1.045771,1.0480114,1.0457718275725598,1.0466547104629023,34.340652736686195,-1
2025-02-18 17:00:00,1.04522,1.04668,1.04515,1.04664,2501,4,0,1.045885,1.047968,1.0459296771048217,1.046654133582004,50.192052462372,-1
2025-02-18 18:00:00,1.04661,1.04694,1.0454,1.04566,1928,4,0,1.045838,1.047864,1.0458806449039448,1.0466151479513373,43.69941489257959,-1
2025-02-18 19:00:00,1.04565,1.04566,1.0439,1.04458,1499,3,0,1.0456619999999999,1.0477396,1.0456441640123184,1.0465353382277556,40.776692870833756,-1
2025-02-18 20:00:00,1.04458,1.04477,1.0435,1.04439,1388,4,0,1.045534,1.0476326,1.0454161341918968,1.0464512073168633,42.615551334635526,-1
2025-02-18 21:00:00,1.04438,1.04496,1.04405,1.04451,1136,4,0,1.0453459999999999,1.0475086,1.0452513825206429,1.0463750815397312,44.36859361592316,-1
2025-02-18 22:00:00,1.0445,1.04477,1.04411,1.04476,1070,4,0,1.045201,1.0473952000000002,1.0451620402441624,1.0463117450087616,41.85492763413713,-1
2025-02-18 23:00:00,1.04473,1.04493,1.04439,1.04441,633,0,0,1.045016,1.0472862,1.0450253056543146,1.0462371667731238,38.713443953353476,-1
2025-02-19 00:00:00,1.04412,1.04509,1.04412,1.04506,539,4,0,1.04497,1.0472036,1.0450316137171665,1.0461910033702562,46.42437690572925,-1
2025-02-19 01:00:00,1.04506,1.04515,1.04449,1.0448,544,0,0,1.0450030000000001,1.04712,1.044989502132227,1.0461364542184814,40.14869191968158,-1
2025-02-19 02:00:00,1.0448,1.04492,1.04439,1.04455,952,2,0,1.044936,1.0470359999999999,1.0449095926536403,1.0460742403275607,39.803432957640325,-1
2025-02-19 03:00:00,1.04459,1.04479,1.04411,1.04465,1413,4,0,1.044737,1.0469526,1.044862393989342,1.0460183877656954,40.17093330411455,-1
2025-02-19 04:00:00,1.04463,1.0452,1.04446,1.04518,1276,4,0,1.044689,1.046872,1.0449201405367343,1.0459855098140998,47.8696657872766,-1
2025-02-19 05:00:00,1.04517,1.0452,1.04476,1.04513,874,4,0,1.0447440000000001,1.0467642000000001,1.0449582968027826,1.0459519604096252,54.727782719355076,-1
2025-02-19 06:00:00,1.04513,1.0453,1.04482,1.04523,697,3,0,1.044828,1.0466666,1.045007697384095,1.0459236482366987,50.07897786562942,-1
2025-02-19 07:00:00,1.04522,1.04562,1.0449,1.04561,757,0,0,1.044938,1.0465898000000002,1.045117206950623,1.045911348305848,40.26463962750479,-1
2025-02-19 08:00:00,1.04558,1.04612,1.04543,1.04548,1237,4,0,1.04501,1.0465086000000001,1.045183169323237,1.0458944326860107,47.97295784636387,-1
2025-02-19 09:00:00,1.04547,1.04594,1.04486,1.04511,1862,4,0,1.04508,1.0464314000000001,1.045169865809921,1.0458636706198927,57.104536207411584,-1
2025-02-19 10:00:00,1.04517,1.04558,1.04386,1.04405,2070,4,0,1.044979,1.0463294,1.0449662538444808,1.0457925462818578,46.304333733463515,-1
2025-02-19 11:00:00,1.04404,1.0443500000000001,1.04284,1.0429,1899,3,0,1.0447890000000002,1.0462226,1.0445905713273025,1.0456791130943341,35.7015897012018,-1
2025-02-19 12:00:00,1.04291,1.04295,1.04188,1.04237,1894,3,0,1.044571,1.0461216,1.0441868310859748,1.0455493439533798,29.78002678645771,-1
2025-02-19 13:00:00,1.0424,1.0433,1.042,1.04244,2349,4,0,1.04435,1.046022,1.0438692254339792,1.0454274088963846,32.50443241452818,-1
2025-02-19 14:00:00,1.04245,1.04317,1.04217,1.04281,1841,4,0,1.0441129999999998,1.0459004,1.0436766389914374,1.0453247654102518,28.97195503537533,-1
2025-02-19 15:00:00,1.04282,1.04351,1.04251,1.04337,2222,0,0,1.0439370000000001,1.0458042,1.0436208864475396,1.045248107943183,37.3451234897029,-1
2025-02-19 16:00:00,1.04337,1.04379,1.04273,1.04339,3132,0,0,1.0437530000000002,1.045728,1.0435789070934414,1.045175240965019,39.29888283792644,-1
2025-02-19 17:00:00,1.04341,1.04415,1.04215,1.0424,4130,0,0,1.043432,1.0456276000000002,1.0433645603491792,1.0450664079859986,32.171149756004226,-1
2025-02-19 18:00:00,1.04242,1.04251,1.04044,1.04045,3430,0,0,1.0429289999999998,1.04548,1.042834640285692,1.0448853723787046,19.404912397558604,-1
2025-02-19 19:00:00,1.04044,1.0413000000000001,1.04006,1.04097,2086,2,0,1.042515,1.0453402,1.0424956147792024,1.0447318283638534,24.634142135633894,-1
2025-02-19 20:00:00,1.04097,1.04215,1.04083,1.04194,1848,2,0,1.0423040000000001,1.0452218,1.0423945939102566,1.044622344898604,31.86328063852268,-1
2025-02-19 21:00:00,1.04194,1.04325,1.04179,1.04255,2628,2,0,1.042269,1.0451078,1.042422849562937,1.0445410764712078,33.54838204648074,-1
2025-02-19 22:00:00,1.04253,1.04263,1.04209,1.0425200000000001,1628,2,0,1.042284,1.044994,1.0424405132787666,1.044461818570376,33.91303831758172,-1
2025-02-19 23:00:00,1.04243,1.04262,1.04208,1.04213,676,1,0,1.042253,1.0448734,1.0423840563189908,1.0443703747048712,33.83947425430988,-1
2025-02-20 00:00:00,1.04157,1.04256,1.04143,1.0424,432,13,0,1.042212,1.0447546,1.0423869551700833,1.0442931051086017,40.213516453271644,-1
2025-02-20 01:00:00,1.04249,1.0426,1.04197,1.04209,800,2,0,1.042084,1.0446308,1.0423329633209772,1.044206708829833,44.66402338213021,-1
2025-02-20 02:00:00,1.04209,1.04299,1.04195,1.0429,1542,2,0,1.0420349999999998,1.0445294,1.0424360608989813,1.0441554653463103,53.367207787281444,-1
2025-02-20 03:00:00,1.04289,1.04328,1.04184,1.04213,2118,2,0,1.042008,1.0444024,1.0423804134628027,1.0440760353327296,48.1913573549706,-1
2025-02-20 04:00:00,1.04214,1.04376,1.04201,1.04356,2562,2,0,1.042319,1.0443236,1.0425948837422931,1.0440557986530148,53.89407316181713,-1
2025-02-20 05:00:00,1.04353,1.04361,1.04266,1.04312,1702,2,0,1.042534,1.0442538000000001,1.0426903594255126,1.044019100666622,48.68558694428869,-1
2025-02-20 06:00:00,1.0431300000000001,1.04315,1.04239,1.04303,1248,2,0,1.0426430000000002,1.0441794,1.0427521122572374,1.0439803124051859,48.121078562680935,-1
2025-02-20 07:00:00,1.04304,1.04343,1.04267,1.04273,1501,2,0,1.042661,1.0441082,1.0427480918468306,1.043931280546159,51.856009831449185,-1
2025-02-20 08:00:00,1.04274,1.04344,1.04244,1.04249,1971,2,0,1.0426579999999999,1.044044,1.0427011660564975,1.0438747597404272,64.20611561440481,-1
2025-02-20 09:00:00,1.04253,1.04335,1.04234,1.04317,2607,1,0,1.0427620000000002,1.0439974,1.0427864085916798,1.0438471221035477,64.98636362657831,-1
2025-02-20 10:00:00,1.04315,1.04421,1.04293,1.0433,3620,1,0,1.042852,1.0439408000000001,1.042879788847738,1.0438256663347811,60.461525439054284,-1
2025-02-20 11:00:00,1.0433,1.04385,1.04285,1.04366,2772,1,0,1.043009,1.0438872,1.0430216454208765,1.0438191696157701,58.879986810882066,-1
2025-02-20 12:00:00,1.04367,1.04442,1.0434,1.04424,2660,1,0,1.0431430000000002,1.0438585999999999,1.0432431644352624,1.0438356727680929,62.64704592560711,-1
2025-02-20 13:00:00,1.04425,1.04465,1.04309,1.04382,2601,1,0,1.043312,1.0438072,1.043348043628851,1.0438350581497362,62.37187594134232,-1
2025-02-20 14:00:00,1.04385,1.0444,1.04334,1.04356,3150,0,0,1.0433119999999998,1.0437542,1.043386581150878,1.043824271555629,58.50438681728133,-1
2025-02-20 15:00:00,1.04356,1.0455,1.04348,1.04483,3848,0,0,1.0434829999999997,1.0437256000000001,1.0436490209416274,1.0438637118867808,67.60924233252659,-1
2025-02-20 16:00:00,1.04484,1.04604,1.0442,1.04463,4426,0,0,1.0436429999999999,1.0437078,1.0438273807704224,1.0438937624010247,62.064144087893624,-1
2025-02-20 17:00:00,1.04464,1.04754,1.0441799999999999,1.04739,4605,0,0,1.0441090000000002,1.0437662,1.0444751297212547,1.0440308697578473,78.711778362828,1
2025-02-20 18:00:00,1.04734,1.04783,1.04641,1.04748,3225,0,0,1.0446079999999998,1.0438114,1.0450214697719356,1.0441661297673435,75.06392518037046,1
2025-02-20 19:00:00,1.04747,1.04947,1.0471,1.04891,2877,2,0,1.045182,1.0438568,1.0457284752679472,1.0443521638941142,82.86037275771503,1
2025-02-20 20:00:00,1.04893,1.04985,1.04852,1.04977,2061,2,0,1.045829,1.043939,1.0464632979465023,1.0445646280551293,85.17744057949767,1
2025-02-20 21:00:00,1.04978,1.05033,1.04892,1.05014,2117,2,0,1.0464769999999999,1.0440502,1.0471317892289562,1.044783270092183,88.3937695594532,1
2025-02-20 22:00:00,1.05012,1.05032,1.04951,1.05026,1387,2,0,1.0470789999999999,1.0441676,1.0477005548236915,1.0449980438140583,90.76598876470271,1
2025-02-20 23:00:00,1.0501800000000001,1.05029,1.04996,1.05,736,4,0,1.0476969999999999,1.0442774,1.0481186357648384,1.045194198958605,87.4862653698393,1
2025-02-21 00:00:00,1.04936,1.05007,1.04891,1.04969,814,15,0,1.04831,1.044376,1.0484043383530497,1.0453705048817972,84.3918064425701,1
2025-02-21 01:00:00,1.04978,1.05058,1.04977,1.0500099999999999,1021,2,0,1.0488279999999999,1.0444879999999999,1.0486962768343133,1.0455524458668248,84.32431156172593,1
2025-02-21 02:00:00,1.0500099999999999,1.05003,1.04892,1.04902,1345,2,0,1.049267,1.0445672000000001,1.0487551355917109,1.0456884283818515,74.741189996102,1
2025-02-21 03:00:00,1.04901,1.04932,1.04842,1.04864,1843,2,0,1.0493919999999999,1.044644,1.0487342018477634,1.0458041762884456,75.05196412965329,1
2025-02-21 04:00:00,1.04865,1.05028,1.04863,1.05024,2116,2,0,1.049668,1.0447578,1.0490079833299883,1.045978130159487,80.47444227516358,1
2025-02-21 05:00:00,1.05025,1.05047,1.04993,1.05023,1572,2,0,1.0497999999999998,1.0448694,1.0492301681790814,1.0461448701532328,77.83504031246929,1
2025-02-21 06:00:00,1.05024,1.05049,1.04973,1.04992,914,2,0,1.049815,1.0449642,1.0493555921465212,1.0462929144609492,76.96227240089937,1
2025-02-21 07:00:00,1.04991,1.05008,1.04917,1.0493,1444,2,0,1.049731,1.0450476,1.0493454844835173,1.0464108393840494,62.45109681466222,1
2025-02-21 08:00:00,1.04929,1.04942,1.04877,1.04888,1835,2,0,1.0495930000000002,1.0451206,1.0492608509410595,1.046507669212126,58.74998971875245,1
2025-02-21 09:00:00,1.0489,1.04998,1.0489,1.04923,2685,1,0,1.0495160000000001,1.0451929999999998,1.0492552416790486,1.0466144272822386,52.312128144945945,1
2025-02-21 10:00:00,1.04924,1.04944,1.04678,1.0477,4781,1,0,1.0493169999999998,1.0452374,1.0489724704646761,1.0466569987613665,36.363629656246964,1
2025-02-21 11:00:00,1.04772,1.04813,1.04665,1.04689,3359,1,0,1.049005,1.045273,1.0485938394710987,1.0466661360648424,29.763382108500807,1
2025-02-21 12:00:00,1.0469,1.04722,1.04648,1.04649,2618,1,0,1.0487520000000001,1.0453218,1.048211323203626,1.0466592287681817,27.316481559196646,1
2025-02-21 13:00:00,1.04648,1.04742,1.04631,1.0469,2325,1,0,1.048578,1.0454018,1.0479729008029668,1.0466686707772725,31.678481755333664,1
2025-02-21 14:00:00,1.04691,1.04713,1.04593,1.04617,2434,0,0,1.048171,1.0454778,1.0476451006569727,1.0466491150605168,30.1801754220446,1
2025-02-21 15:00:00,1.04621,1.04781,1.04612,1.04751,2879,0,0,1.0478990000000001,1.0455792,1.0476205369011593,1.046682875254222,37.373732088563436,1
2025-02-21 16:00:00,1.0475,1.04924,1.04701,1.04811,4330,0,0,1.0477180000000001,1.0456852,1.0477095301918575,1.0467388409305272,45.21555590938224,1
2025-02-21 17:00:00,1.04806,1.04862,1.04525,1.04542,4933,0,0,1.04733,1.0457262,1.047293251975156,1.0466871216783498,36.37901430367049,1
2025-02-21 18:00:00,1.04542,1.04577,1.04492,1.04548,2928,0,0,1.0469899999999999,1.0457679999999998,1.046963569797855,1.0466397835733163,26.848245370861704,1
2025-02-21 19:00:00,1.04548,1.04643,1.04523,1.04628,2476,2,0,1.0466950000000002,1.0458456,1.0468392843800631,1.0466256744135785,32.15898418947006,1
2025-02-21 20:00:00,1.04628,1.0468,1.04507,1.04596,3103,2,0,1.046521,1.0459558,1.046679414492779,1.0465995695346146,32.1299598391756,1
2025-02-21 21:00:00,1.04595,1.04666,1.04572,1.04622,2311,2,0,1.046454,1.0460608,1.046595884585001,1.0465846844548259,35.63432370447316,1
2025-02-21 22:00:00,1.04619,1.04644,1.0457,1.04608,1825,2,0,1.0464129999999998,1.0461436,1.046502087387728,1.0465648929075777,36.59003340746671,1
2025-02-21 23:00:00,1.04601,1.04614,1.04495,1.04571,973,0,0,1.046294,1.0462068,1.0463580714990501,1.046531367695516,33.173991735794274,1
2025-02-24 00:00:00,1.04684,1.04832,1.04568,1.04737,1512,13,0,1.046414,1.0463037999999998,1.0465420584992227,1.0465642552368681,48.441919941577375,1
2025-02-24 01:00:00,1.04743,1.04846,1.04711,1.0474,1711,2,0,1.046403,1.0464092,1.0466980478630004,1.0465970295413047,52.599380872667275,-1
2025-02-24 02:00:00,1.04741,1.05073,1.04718,1.05039,2819,2,0,1.046631,1.0465689999999999,1.0473693118879093,1.0467457734808614,65.725799030958,1
2025-02-24 03:00:00,1.05039,1.05208,1.05026,1.05177,3662,2,0,1.047266,1.0467626,1.0481694369991985,1.046942801971808,68.21240871373445,1
2025-02-24 04:00:00,1.05177,1.05283,1.05154,1.05226,2983,2,0,1.047944,1.0469498,1.0489131757266168,1.047151319541541,73.19115746628856,1
2025-02-24 05:00:00,1.0523,1.05258,1.05162,1.05193,2055,2,0,1.048509,1.0471458,1.0494616892308684,1.0473387187752061,68.23431555049144,1
2025-02-24 06:00:00,1.05192,1.05207,1.05112,1.05157,1503,2,0,1.04907,1.0473059999999998,1.0498450184616195,1.047504651372257,64.56228195393857,1
2025-02-24 07:00:00,1.05156,1.05197,1.05099,1.05164,2110,2,0,1.049612,1.0474763999999999,1.050171378741325,1.0476668219066783,83.58530053785798,1
2025-02-24 08:00:00,1.05162,1.05162,1.05011,1.05088,2076,2,0,1.050092,1.0476334,1.050300218970175,1.04779282889073,77.10842289640625,1
2025-02-24 09:00:00,1.05086,1.05148,1.04866,1.04912,3961,1,0,1.050433,1.0477611999999998,1.0500856337028703,1.0478448748165838,63.00365492627108,1
2025-02-24 10:00:00,1.04912,1.04925,1.04696,1.04803,4378,1,0,1.0504989999999998,1.0478720000000001,1.0497118821205302,1.0478521346276983,58.85371408082133,1
2025-02-24 11:00:00,1.04802,1.04847,1.04688,1.04723,3314,1,0,1.0504820000000001,1.0479532,1.0492606308258883,1.047827737191318,54.12918431881856,1
2025-02-24 12:00:00,1.04722,1.04804,1.04669,1.04803,2841,1,0,1.050246,1.0480478,1.0490368797666358,1.0478356690661685,57.563996851079246,1
2025-02-24 13:00:00,1.04804,1.04815,1.04637,1.04687,2436,1,0,1.049756,1.048112,1.0486429016272474,1.0477977996910248,54.23976053101887,1
2025-02-24 14:00:00,1.04686,1.04727,1.046,1.04687,2425,0,0,1.049217,1.0481646,1.0483205558768387,1.0477614153894161,47.92012753010184,1
2025-02-24 15:00:00,1.04689,1.04757,1.04647,1.04672,3110,0,0,1.048696,1.0482226,1.0480295457174136,1.0477205755702235,47.19933557833018,1
2025-02-24 16:00:00,1.04671,1.04698,1.04528,1.04607,3686,0,0,1.048146,1.0482728,1.0476732646778837,1.0476558471164892,27.959179679301045,-1
2025-02-24 17:00:00,1.04608,1.04707,1.046,1.04689,4028,0,0,1.047671,1.048314,1.0475308529182685,1.0476258138962349,23.593070018365154,-1
2025-02-24 18:00:00,1.0469,1.04803,1.04656,1.04778,3141,0,0,1.047361,1.048377,1.0475761523876743,1.047631860410108,26.76348159036469,-1
2025-02-24 19:00:00,1.04777,1.04839,1.04678,1.04726,2992,2,0,1.047175,1.0483744,1.0475186701353698,1.0476172776489274,26.24618140949522,-1
2025-02-24 20:00:00,1.04725,1.04858,1.04706,1.04807,1994,2,0,1.047179,1.0483862000000002,1.0476189119289387,1.0476350314666165,32.976649205514505,-1
2025-02-24 21:00:00,1.04806,1.04842,1.04726,1.04749,1963,2,0,1.047205,1.0483578,1.0475954733964044,1.0476293439581217,30.769226776930253,-1
2025-02-24 22:00:00,1.04751,1.04795,1.04645,1.04651,2680,2,0,1.047053,1.0482926000000001,1.0473981145970581,1.0475854481166267,30.154401251937273,-1
2025-02-24 23:00:00,1.04644,1.0468,1.04611,1.04665,910,0,0,1.047031,1.0482228,1.0472620937612294,1.0475487638767589,36.84770483633748,-1
2025-02-25 00:00:00,1.04662,1.04693,1.04605,1.04682,569,18,0,1.0470260000000002,1.048154,1.0471817130773693,1.0475201849011997,42.85713577331877,-1
2025-02-25 01:00:00,1.04691,1.04691,1.04602,1.04612,1093,2,0,1.046966,1.0480764,1.0469886743360295,1.047465275689388,43.36916837313673,-1
2025-02-25 02:00:00,1.04615,1.04642,1.04595,1.04628,1144,2,0,1.0469870000000001,1.0480082,1.0468598244567513,1.0474187942898043,38.680458712465985,-1
2025-02-25 03:00:00,1.0463,1.04658,1.04605,1.04649,1575,2,0,1.046947,1.0479378000000001,1.046792583646433,1.0473823709843217,47.197630372170295,-1
2025-02-25 04:00:00,1.04648,1.04748,1.04648,1.04746,1782,2,0,1.046915,1.0479066000000001,1.0469139320743541,1.0473854152594466,53.80644189303048,-1
2025-02-25 05:00:00,1.04747,1.0476,1.04711,1.04729,1332,2,0,1.046918,1.0478796,1.0469823080608351,1.0473816734845665,53.66794399805356,-1
2025-02-25 06:00:00,1.0473,1.04773,1.04723,1.04729,1126,2,0,1.04684,1.0478206,1.047038252049774,1.047378078445956,58.567404214274426,-1
2025-02-25 07:00:00,1.04728,1.04782,1.0472,1.04767,1513,2,0,1.046858,1.0477694,1.0471531153134515,1.0473895263500363,55.83831165065326,-1
2025-02-25 08:00:00,1.04766,1.04802,1.04724,1.04767,1666,2,0,1.046974,1.0477244,1.0472470943473693,1.0474005253167016,49.050074495665676,-1
2025-02-25 09:00:00,1.04767,1.04777,1.04633,1.04645,3510,1,0,1.046954,1.0476674,1.047102168102393,1.047363249814086,43.759620760637,-1
2025-02-25 10:00:00,1.04643,1.04787,1.0456,1.04704,4581,1,0,1.046976,1.0476306,1.0470908648110488,1.0473505733507884,41.78627456127801,-1
2025-02-25 11:00:00,1.04705,1.04789,1.04683,1.04728,3085,1,0,1.047092,1.0475916,1.0471252530272217,1.0473478057684047,48.229330940798455,-1
2025-02-25 12:00:00,1.0473,1.04742,1.04652,1.04731,2629,1,0,1.0471949999999999,1.0475838,1.0471588433859085,1.0473463231892517,58.0321121998066,-1
2025-02-25 13:00:00,1.04725,1.04897,1.04713,1.04895,2931,1,0,1.0474409999999998,1.047625,1.047484508224834,1.0474092124759478,67.74689894357024,-1
2025-02-25 14:00:00,1.04895,1.0500099999999999,1.04886,1.04935,3474,0,0,1.04763,1.0476822,1.0478236885475913,1.0474853217906164,68.85244465075552,-1
2025-02-25 15:00:00,1.04936,1.05098,1.04935,1.05,3463,0,0,1.047901,1.0477442000000001,1.0482193815389382,1.047583936622357,79.12911249538206,1
2025-02-25 16:00:00,1.05006,1.0505,1.04918,1.05024,3745,0,0,1.0481960000000001,1.0478256,1.0485867667136768,1.0476880959705,79.37683811163588,1
2025-02-25 17:00:00,1.05024,1.05193,1.04952,1.04987,5136,0,0,1.048416,1.0478728000000002,1.0488200818566447,1.047773660834402,74.49273850872044,1
2025-02-25 18:00:00,1.04987,1.0506199999999999,1.04945,1.04979,3953,0,0,1.0486280000000001,1.0479064,1.048996430609982,1.047852732958543,69.38434323825545,1
2025-02-25 19:00:00,1.04978,1.05021,1.04837,1.05019,3049,2,0,1.049002,1.0480018,1.049213443226349,1.0479443904895804,73.23716305576383,1
2025-02-25 20:00:00,1.0502,1.05179,1.0501800000000001,1.05085,2527,2,0,1.0493830000000002,1.0481092,1.0495109990033764,1.0480583359605773,75.79708607015603,1
2025-02-25 21:00:00,1.05085,1.05127,1.05043,1.05102,2214,2,0,1.049757,1.0482040000000001,1.0497853628209444,1.0481744796483978,75.03735350488807,1
2025-02-25 22:00:00,1.05103,1.0514000000000001,1.0509,1.05136,740,2,0,1.050162,1.048312,1.0500716604898634,1.0482994020151273,76.24465053449295,1
